,total_distance,average_speed
fish1,162.6637925886149,0.5421524028061824
fish2,496.81789624574935,1.6558756679671682
fish3,642.2347969860587,2.1405448183070503
fish4,551.5462564709451,1.8382832678733867
