,total_freeze_time_s,num_bouts
fish1,91.86666666666666,18
fish2,9.766666666666666,4
fish3,3.066666666666667,1
fish4,14.666666666666666,4
