,Center,Periphery
fish1,239.89999999999998,60.133333333333326
fish2,122.63333333333333,177.39999999999998
fish3,126.79999999999998,173.23333333333332
fish4,137.8,162.2333333333333
