,Upper,Lower
fish1,181.4333333333333,118.59999999999998
fish2,194.13333333333333,105.89999999999999
fish3,181.66666666666663,118.36666666666665
fish4,156.03333333333336,144.0
