,left_turns,right_turns,turn_bias_index
fish1,1211,1200,0.004562422231439237
fish2,355,349,0.008522727272727272
fish3,334,360,-0.037463976945244955
fish4,362,391,-0.03851261620185923
